number,part,slug,qty per robot,material,size mm (x y z),solid volume cm3,sliced weight g (FDM 0.2 mm),process now,at 1000 units,drawing PDF,STL,STEP,geometry source
1,Ankle Left,microduck-ankle-left,1,PLA,39.5 x 36.5 x 25.5,7.88,6.18,FDM print (PLA),visible part: injection mould candidate after DFM redesign,yes,in Packet A / STL zip,in Packet A / STEP zip,"vendor mesh (Pollen reference asset, loaded as-is)"
2,Ankle Right,microduck-ankle-right,1,PLA,39.5 x 36.5 x 25.5,7.88,6.18,FDM print (PLA),visible part: injection mould candidate after DFM redesign,yes,in Packet A / STL zip,in Packet A / STEP zip,"vendor mesh (Pollen reference asset, loaded as-is)"
3,Banana Pcb Locker,microduck-banana-pcb-locker,1,PLA,54.0 x 3.8 x 6.6,0.46,0.68,FDM print (PLA),keep printing (small bracket) or MJF,yes,in Packet A / STL zip,in Packet A / STEP zip,our parametric rebuild (latest PASS refcheck ours.stl)
4,Bearing Roll,microduck-bearing-roll,2,PLA,23.0 x 3.0 x 40.0,0.62,0.85,FDM print (PLA),keep printing (small bracket) or MJF,yes,in Packet A / STL zip,in Packet A / STEP zip,our parametric rebuild (latest PASS refcheck ours.stl)
5,Bottom Head Shell,microduck-bottom-head-shell,1,PLA,91.8 x 116.7 x 20.1,23.8,,FDM print (PLA),visible part: injection mould candidate after DFM redesign,,in Packet A / STL zip,in Packet A / STEP zip,"vendor mesh (Pollen reference asset, loaded as-is)"
6,Eye Ring,microduck-eye-ring,1,PLA,30.0 x 9.5 x 30.0,4.25,,FDM print (PLA),keep printing (small bracket) or MJF,,in Packet A / STL zip,in Packet A / STEP zip,"vendor mesh (Pollen reference asset, loaded as-is)"
7,Face Part,microduck-face-part,1,PLA,87.7 x 12.5 x 44.6,5.82,,FDM print (PLA),visible part: injection mould candidate after DFM redesign,,in Packet A / STL zip,in Packet A / STEP zip,"vendor mesh (Pollen reference asset, loaded as-is)"
8,Foot Left,microduck-foot-left,1,PLA,40.1 x 54.0 x 16.9,12.18,13.35,FDM print (PLA),visible part: injection mould candidate after DFM redesign,yes,in Packet A / STL zip,in Packet A / STEP zip,vendor mesh as shelved (ce-parts iterations geometry)
9,Foot Right,microduck-foot-right,1,PLA,40.1 x 54.0 x 16.9,12.18,13.35,FDM print (PLA),visible part: injection mould candidate after DFM redesign,yes,in Packet A / STL zip,in Packet A / STEP zip,vendor mesh as shelved (ce-parts iterations geometry)
10,Hip Bracket,microduck-hip-bracket,2,PLA,32.4 x 34.5 x 19.0,4.54,3.81,FDM print (PLA),keep printing (small bracket) or MJF,yes,in Packet A / STL zip,in Packet A / STEP zip,Current CAD revision
11,Jaw,microduck-jaw,1,PLA,91.4 x 68.7 x 29.4,9.36,,FDM print (PLA),visible part: injection mould candidate after DFM redesign,,in Packet A / STL zip,in Packet A / STEP zip,vendor mesh as shelved (ce-parts iterations geometry)
12,Jaw Soft,microduck-jaw-soft,1,TPU,87.7 x 32.2 x 8.4,18.6,,FDM print (TPU),keep printing (small bracket) or MJF,,in Packet A / STL zip,in Packet A / STEP zip,vendor mesh as shelved (ce-parts iterations geometry)
13,M12 Lens Holder,microduck-m12-lens-holder,1,PLA,24.0 x 14.8 x 16.0,1.1,,FDM print (PLA),keep printing (small bracket) or MJF,,in Packet A / STL zip,in Packet A / STEP zip,"vendor mesh (Pollen reference asset, loaded as-is)"
14,Motor Support,microduck-motor-support,1,PLA,73.5 x 54.2 x 18.8,7.52,9.2,FDM print (PLA),keep printing (small bracket) or MJF,yes,in Packet A / STL zip,in Packet A / STEP zip,vendor mesh as shelved (ce-parts iterations geometry)
15,Neck Pitch Bracket,microduck-neck-pitch-bracket,1,PLA,35.0 x 18.0 x 27.7,4.11,4.38,FDM print (PLA),keep printing (small bracket) or MJF,yes,in Packet A / STL zip,in Packet A / STEP zip,vendor mesh as shelved (ce-parts iterations geometry)
16,Neck Plate,microduck-neck-plate,2,PLA,2.0 x 20.0 x 11.0,0.4,0.55,FDM print (PLA),keep printing (small bracket) or MJF,yes,in Packet A / STL zip,in Packet A / STEP zip,vendor mesh as shelved (ce-parts iterations geometry)
17,Power Support,microduck-power-support,1,PLA,54.5 x 17.0 x 83.1,10.79,13.15,FDM print (PLA),keep printing (small bracket) or MJF,yes,in Packet A / STL zip,in Packet A / STEP zip,Current CAD revision
18,Shin,microduck-shin,2,PLA,8.0 x 20.0 x 58.0,3.39,3.6,FDM print (PLA),keep printing (small bracket) or MJF,yes,in Packet A / STL zip,in Packet A / STEP zip,our parametric rebuild (latest PASS refcheck ours.stl)
19,Soft Mouth Top,microduck-soft-mouth-top,1,TPU,87.8 x 32.6 x 3.3,2.7,,FDM print (TPU),keep printing (small bracket) or MJF,,in Packet A / STL zip,in Packet A / STEP zip,vendor mesh as shelved (ce-parts iterations geometry)
20,Sole Left,microduck-sole-left,1,TPU,41.1 x 54.0 x 12.9,6.25,7.07,FDM print (TPU),keep printing (small bracket) or MJF,yes,in Packet A / STL zip,in Packet A / STEP zip,vendor mesh as shelved (ce-parts iterations geometry)
21,Sole Right,microduck-sole-right,1,TPU,41.1 x 54.0 x 12.9,6.25,7.07,FDM print (TPU),keep printing (small bracket) or MJF,yes,in Packet A / STL zip,in Packet A / STEP zip,vendor mesh as shelved (ce-parts iterations geometry)
22,Top Head Shell,microduck-top-head-shell,1,PLA,91.8 x 122.7 x 46.3,29.87,,FDM print (PLA),visible part: injection mould candidate after DFM redesign,,in Packet A / STL zip,in Packet A / STEP zip,vendor mesh as shelved (ce-parts iterations geometry)
23,Trunk Base,microduck-trunk-base,1,PLA,57.0 x 36.0 x 3.0,1.41,1.82,FDM print (PLA),keep printing (small bracket) or MJF,yes,in Packet A / STL zip,in Packet A / STEP zip,our parametric rebuild (latest PASS refcheck ours.stl)
24,Trunk Shell Left,microduck-trunk-shell-left,1,PLA,33.7 x 80.9 x 41.7,11.39,,FDM print (PLA),visible part: injection mould candidate after DFM redesign,,in Packet A / STL zip,in Packet A / STEP zip,vendor mesh as shelved (ce-parts iterations geometry)
25,Trunk Shell Right,microduck-trunk-shell-right,1,PLA,31.8 x 80.9 x 41.7,11.22,,FDM print (PLA),visible part: injection mould candidate after DFM redesign,,in Packet A / STL zip,in Packet A / STEP zip,vendor mesh as shelved (ce-parts iterations geometry)
26,Upper Leg Left,microduck-upper-leg-left,1,PLA,28.0 x 47.7 x 61.0,4.22,4.67,FDM print (PLA),keep printing (small bracket) or MJF,yes,in Packet A / STL zip,in Packet A / STEP zip,Current CAD revision
27,Upper Leg Right,microduck-upper-leg-right,1,PLA,28.0 x 47.7 x 61.0,4.22,4.67,FDM print (PLA),keep printing (small bracket) or MJF,yes,in Packet A / STL zip,in Packet A / STEP zip,Current CAD revision
28,Upper Leg Rigidity Plate,microduck-upper-leg-rigidity-plate,2,PLA,1.0 x 45.0 x 58.1,0.75,1.0,FDM print (PLA),keep printing (small bracket) or MJF,yes,in Packet A / STL zip,in Packet A / STEP zip,"vendor mesh (Pollen reference asset, loaded as-is)"
29,Yaw Roll Motion,microduck-yaw-roll-motion,1,PLA,34.0 x 35.9 x 22.5,4.63,4.71,FDM print (PLA),keep printing (small bracket) or MJF,yes,in Packet A / STL zip,in Packet A / STEP zip,Current CAD revision
30,Yaw2Roll,microduck-yaw2roll,2,PLA,23.0 x 25.8 x 20.5,2.83,2.96,FDM print (PLA),keep printing (small bracket) or MJF,yes,in Packet A / STL zip,in Packet A / STEP zip,our parametric rebuild (latest PASS refcheck ours.stl)
