file,name,documentId,documentMicroversion,documentVersion,elementId,partId,configuration,fullConfiguration,sha256
reference/pollen-microduck-rl-develop/microduck/assets/ankle_l_v1.part,ankle-l-v1 <1>,804927696f06d877f3f1803e,2f167ea7efece4caa36b89eb,,a48e2e3940da29620aa227db,RbFD,default,default,f074c5b5cc3273d46142f382820b4446206c0c08e81a13104b61d8c07f4be75c
reference/pollen-microduck-rl-develop/microduck/assets/ankle_left.part,ankle_left <1>,804927696f06d877f3f1803e,2f167ea7efece4caa36b89eb,,451317b8e3aacc7f88e8f8ed,RTBH,default,default,29dfeff917970b424cdb166b388be6f9ef03cd78e07d80f757a807abf9878866
reference/pollen-microduck-rl-develop/microduck/assets/ankle_r_v1.part,ankle_r_v1 <1>,804927696f06d877f3f1803e,2f167ea7efece4caa36b89eb,,a48e2e3940da29620aa227db,RNHH,default,default,a64063150d4f0c99eb124c2e7c091d2f78565a9db2467d506d5d81fde6d512cf
reference/pollen-microduck-rl-develop/microduck/assets/ankle_right.part,ankle_right <1>,804927696f06d877f3f1803e,2f167ea7efece4caa36b89eb,,451317b8e3aacc7f88e8f8ed,R8CD,default,default,8591240d8c0329cad47b5eedc5efa5e8782fee250e41caa484308a1e776734f1
reference/pollen-microduck-rl-develop/microduck/assets/banana_pcb_locker.part,Banana_PCB_locker <1>,804927696f06d877f3f1803e,2f167ea7efece4caa36b89eb,,d6fcdccc8b25aaa256e7e213,RfDD,default,default,88c2298109f8a3539a6814c50a68289332b389c0a98cb63129f3dfba3b72e0d0
reference/pollen-microduck-rl-develop/microduck/assets/bearing_roll.part,bearing_roll <1>,804927696f06d877f3f1803e,2f167ea7efece4caa36b89eb,,d6fcdccc8b25aaa256e7e213,RKBD,default,default,fd7c1e7a77a318e8c4dd4b342228a3aff35857f010ada545105040ff64a97de7
reference/pollen-microduck-rl-develop/microduck/assets/bottom_head_shell.part,bottom_head_shell <2>,804927696f06d877f3f1803e,2f167ea7efece4caa36b89eb,,cceb83ef371fcd79b077022f,J/H,default,default,a0dd8d96c6c0d19153dfd01709b642c929457affc8420bfa4248cc57b1bbae47
reference/pollen-microduck-rl-develop/microduck/assets/elec_rpi_robot_hat_pcb.part,elec_RPI_Robot_HAT_PCB <1>,804927696f06d877f3f1803e,2f167ea7efece4caa36b89eb,,c1085f5be782740f05cd18b2,JFD,default,default,1ef13cd35c7eae75e5609f2d0773c698bedefa566d0e7de915f9b61d599d974f
reference/pollen-microduck-rl-develop/microduck/assets/face_part.part,face_part <1>,804927696f06d877f3f1803e,2f167ea7efece4caa36b89eb,,cceb83ef371fcd79b077022f,RQBD,default,default,11c225acb4aae06b51850ade1f542a0c8fc2f3916cab592b78735eea2a72f11c
reference/pollen-microduck-rl-develop/microduck/assets/foot_left.part,foot_left <1>,804927696f06d877f3f1803e,2f167ea7efece4caa36b89eb,,451317b8e3aacc7f88e8f8ed,RACD,default,default,b5248b01d15c33316545773b4f2e892bb1a19625db67049ef6c1078e20096703
reference/pollen-microduck-rl-develop/microduck/assets/foot_right.part,foot_right <1>,804927696f06d877f3f1803e,2f167ea7efece4caa36b89eb,,451317b8e3aacc7f88e8f8ed,R8CL,default,default,315d6ce39a4061f8c163e805d1555f4b140800f27f4a2394095571f43ffc9a08
reference/pollen-microduck-rl-develop/microduck/assets/hip_l.part,hip_l <1>,804927696f06d877f3f1803e,2f167ea7efece4caa36b89eb,,451317b8e3aacc7f88e8f8ed,RODD,default,default,0d07654fd3ef9a3ddb7b071362379fab813e87acb814843ebc90b9df3f3933cd
reference/pollen-microduck-rl-develop/microduck/assets/jaw.part,jaw <2>,804927696f06d877f3f1803e,2f167ea7efece4caa36b89eb,,cceb83ef371fcd79b077022f,J6D,default,default,257d1617ee2211e2724c3716523af391650711a1cc982209397b893aed9029ee
reference/pollen-microduck-rl-develop/microduck/assets/jaw_soft.part,jaw_soft <1>,804927696f06d877f3f1803e,9306fb07735e782de209a230,f0b9dc2ed2b65290c37daecc,cceb83ef371fcd79b077022f,RaCD,default,default,faa573ca64c9a98c65bd6288db990a0fa4d87ec2c8b52322dece28cd8f901faf
reference/pollen-microduck-rl-develop/microduck/assets/left_shell.part,left_shell <1>,804927696f06d877f3f1803e,2f167ea7efece4caa36b89eb,,d6fcdccc8b25aaa256e7e213,RiED,default,default,5f54088d4a0405eb667330f7ff0cdb0010ae48eaec47849b93cb31e0ec60234f
reference/pollen-microduck-rl-develop/microduck/assets/leg.part,leg <2>,804927696f06d877f3f1803e,2f167ea7efece4caa36b89eb,,451317b8e3aacc7f88e8f8ed,R1ED,default,default,a4cea64f7e43c6a3de2e0150b192d5177b1c96ed578560717a85420db483130b
reference/pollen-microduck-rl-develop/microduck/assets/lens.part,Lens <1>,804927696f06d877f3f1803e,2f167ea7efece4caa36b89eb,,42eb36bcd4029eaa3ed8308f,JFD,default,default,bd62583c7184c9d0cdadc25664b5d827dbde821b4695c58e8279517b40866854
reference/pollen-microduck-rl-develop/microduck/assets/m12_lens_holder.part,M12 lens holder <1>,804927696f06d877f3f1803e,2f167ea7efece4caa36b89eb,,42eb36bcd4029eaa3ed8308f,JFH,default,default,a0a87aeb786c48c33a518b4dd7fed0b89def972dd049c14e61ea79efc4e76b11
reference/pollen-microduck-rl-develop/microduck/assets/motor_support.part,motor_support <2>,804927696f06d877f3f1803e,2f167ea7efece4caa36b89eb,,cceb83ef371fcd79b077022f,RYGD,default,default,36335b45277d021772415ef85398cb3636699b2d462c452dfb480b28bb68b516
reference/pollen-microduck-rl-develop/microduck/assets/neck.part,neck <2>,804927696f06d877f3f1803e,2f167ea7efece4caa36b89eb,,d6fcdccc8b25aaa256e7e213,R6BD,default,default,d80b9eb1be66d63a80e6d970f8c3ce1b9ff202590e8b52d421ba3d0402c39fda
reference/pollen-microduck-rl-develop/microduck/assets/neck_pitch.part,neck_pitch <1>,804927696f06d877f3f1803e,9306fb07735e782de209a230,f0b9dc2ed2b65290c37daecc,cceb83ef371fcd79b077022f,RdDD,default,default,2eacfc6f3cd00271117bf60e2c804d36199514fceefcbf779d5a69e3fa9d9fb0
reference/pollen-microduck-rl-develop/microduck/assets/noenoeil.part,noenoeil <1>,804927696f06d877f3f1803e,2f167ea7efece4caa36b89eb,,cceb83ef371fcd79b077022f,RALD,default,default,a3efe21844d8356f9830e4208157d4708694596065e407feb74ed655fd80789a
reference/pollen-microduck-rl-develop/microduck/assets/np_f970.part,NP-F970 <1>,804927696f06d877f3f1803e,2f167ea7efece4caa36b89eb,,2e7ae1b0d9ba087c7bcd41de,JFD,default,default,ef948d20413ed2e3e463041583755360f37dfb9189d1e13cf84048ff39a35c67
reference/pollen-microduck-rl-develop/microduck/assets/pcb__raspberry_pi_zero_2_w.part,"PCB, Raspberry Pi Zero 2 W <1>",804927696f06d877f3f1803e,2f167ea7efece4caa36b89eb,,c1085f5be782740f05cd18b2,KF7G,default,default,d940276bbba2831fa6ce6f512e090456b1247efbe87e882f26719075dd87aa1b
reference/pollen-microduck-rl-develop/microduck/assets/power_support.part,power_support <1>,804927696f06d877f3f1803e,2f167ea7efece4caa36b89eb,,d6fcdccc8b25aaa256e7e213,RDCD,default,default,9a82260d06d2e00976f2e4e916c4d4782b0a23679d07ee759ae8f9f182e3540b
reference/pollen-microduck-rl-develop/microduck/assets/right_shell.part,right_shell <1>,804927696f06d877f3f1803e,2f167ea7efece4caa36b89eb,,d6fcdccc8b25aaa256e7e213,RaGD,default,default,cbc6cb2889db13fa9a283fc29d275c47e50207ffa0616c8498a6addc38621fd1
reference/pollen-microduck-rl-develop/microduck/assets/rim.part,rim <1>,804927696f06d877f3f1803e,f694115e325b201fc7eee9eb,f839e201fb05eeec735c386e,a48e2e3940da29620aa227db,RVHD,default,default,96648c282219239d1c1bba14c3d81949618759983674c15449776cb40d41c177
reference/pollen-microduck-rl-develop/microduck/assets/roller_blade.part,roller_blade <1>,804927696f06d877f3f1803e,f694115e325b201fc7eee9eb,f839e201fb05eeec735c386e,a48e2e3940da29620aa227db,RbHD,default,default,add40a287e5f06d0fa704fc74795b7221940519653002aafa01e5e69accc9238
reference/pollen-microduck-rl-develop/microduck/assets/seeed_bearing__configuration__22x16x4.part,Seeed bearing <8>,804927696f06d877f3f1803e,2f167ea7efece4caa36b89eb,,92eaf48a756ec816309fc756,JHD,List_ydxZOkfPyEIdF6=_22x16x4,List_ydxZOkfPyEIdF6=_22x16x4,5104963cc7ca63d44762ca762227f0528217d02d692a0ae9b1f397ba8c33a257
reference/pollen-microduck-rl-develop/microduck/assets/seeed_bearing__configuration_default.part,Seeed bearing <10>,804927696f06d877f3f1803e,2f167ea7efece4caa36b89eb,,92eaf48a756ec816309fc756,JHD,List_ydxZOkfPyEIdF6=Default,List_ydxZOkfPyEIdF6=Default,7bcd749ad222a1f10049e2511cc083766747b23aa9dd4746c8311c4cfcc84dd9
reference/pollen-microduck-rl-develop/microduck/assets/soft_mouth_top.part,soft_mouth_top <1>,804927696f06d877f3f1803e,9306fb07735e782de209a230,f0b9dc2ed2b65290c37daecc,cceb83ef371fcd79b077022f,RHCD,default,default,4bfa1f8ace9b9000ff76f2fd34e9cef278e6635b871c3291cb45e2e02e5fac4a
reference/pollen-microduck-rl-develop/microduck/assets/sole_left.part,sole_left <1>,804927696f06d877f3f1803e,2f167ea7efece4caa36b89eb,,451317b8e3aacc7f88e8f8ed,R0BD,default,default,b8ff505c92bfa8e89a9eb6db750dfe139fe8bb6606c532bc01d89f6088f619dc
reference/pollen-microduck-rl-develop/microduck/assets/sole_right.part,sole_right <1>,804927696f06d877f3f1803e,2f167ea7efece4caa36b89eb,,451317b8e3aacc7f88e8f8ed,R8CH,default,default,62a129727a8d780a14099817444e62ad6b536ac2c8239774dab9dabaf50a3f05
reference/pollen-microduck-rl-develop/microduck/assets/speaker.part,speaker <1>,804927696f06d877f3f1803e,2f167ea7efece4caa36b89eb,,f622c3133a65333d713a0880,JHD,default,default,9850f9fcdb8f3138f976ac822a0e2774439623345f131056c7d7ec98d3078592
reference/pollen-microduck-rl-develop/microduck/assets/tire.part,tire <1>,804927696f06d877f3f1803e,f694115e325b201fc7eee9eb,f839e201fb05eeec735c386e,a48e2e3940da29620aa227db,RYHD,default,default,4efa94edfa0848c7eaada2624404f9b202467b6c646d1d8688fb511a4d8f878e
reference/pollen-microduck-rl-develop/microduck/assets/top_head_shell.part,top_head_shell <1>,804927696f06d877f3f1803e,2f167ea7efece4caa36b89eb,,cceb83ef371fcd79b077022f,J/D,default,default,47b4394f5cc1fdc36861fe916be8a11aa3049760d4e563120588cc6cf3ab6cd6
reference/pollen-microduck-rl-develop/microduck/assets/trunk_base.part,trunk_base <1>,804927696f06d877f3f1803e,2f167ea7efece4caa36b89eb,,d6fcdccc8b25aaa256e7e213,RlBD,default,default,3b459735741f8e0a9fab171ecd744c607999322228d045e6623282aa9eed3e9f
reference/pollen-microduck-rl-develop/microduck/assets/upper_leg_left.part,upper_leg_left <1>,804927696f06d877f3f1803e,2f167ea7efece4caa36b89eb,,451317b8e3aacc7f88e8f8ed,R+DD,default,default,61414442f6766fd7aaadd64d29e37c74d4f19de6d7e93153c43559382d24f497
reference/pollen-microduck-rl-develop/microduck/assets/upper_leg_right.part,upper_leg_right <1>,804927696f06d877f3f1803e,2f167ea7efece4caa36b89eb,,451317b8e3aacc7f88e8f8ed,RsED,default,default,33ae62db8087c1c15213fcde56329240d0bd9b70c9919a085ba8705815037383
reference/pollen-microduck-rl-develop/microduck/assets/upper_leg_rigidity_plate.part,upper_leg_rigidity_plate <1>,804927696f06d877f3f1803e,2f167ea7efece4caa36b89eb,,451317b8e3aacc7f88e8f8ed,RxED,default,default,9abdfc1874da369ed5953a32e8481242929da69b96461e6f42242288a5baa2e8
reference/pollen-microduck-rl-develop/microduck/assets/xl330.part,xl330 <11>,804927696f06d877f3f1803e,2f167ea7efece4caa36b89eb,,e34e27a4a091c95d26a71da8,JND,default,default,e611f8ad4068acadd8ef0ababd355bb8597becb7eddd1ba206df6bbd539624fd
reference/pollen-microduck-rl-develop/microduck/assets/yaw2roll.part,yaw2roll <1>,804927696f06d877f3f1803e,2f167ea7efece4caa36b89eb,,d6fcdccc8b25aaa256e7e213,JgD,default,default,bc0bd3f0c6551bf5eb35acc14b69fce0bbc0d335bf83026b18609f2c0c570d1b
reference/pollen-microduck-rl-develop/microduck/assets/yaw_roll_motion.part,yaw_roll_motion <1>,804927696f06d877f3f1803e,2f167ea7efece4caa36b89eb,,cceb83ef371fcd79b077022f,RcBD,default,default,4189857fe1b3b8565b2654c3f7294f642ddf20732aad0f25dd93977ab7ffe277
