line_id,section,item,qty_per_robot,qty_unit,verdict,unit_price,currency,per_robot_cost,price_basis,vendor,source_url,fetched,note
B1,actuator,Dynamixel XL330-M288-T smart servo,15,,PASS,23.90000,USD,358.5000,"cheapest READ USD offer at the tier a 1-robot order reaches (tier 1+); vendor publishes no tier table, so @1 is a CEILING; 902-0163-000",ROBOTIS International,https://en.robotis.com/shop_en/item.php?it_id=902-0163-000,2026-09-08,"Pollen never states M288 vs M077 (SPEC.md §5). Both are $23.90 at ROBOTIS intl, so the price line does not depend on it; the gear ratio does."
B2,connector,"Robot Cable-X3P 180 mm, 10-pack (Dynamixel bus leads)",1,,PASS,15.50000,USD,15.5000,"cheapest READ USD offer at the tier a 1-robot order reaches (tier 1+); vendor publishes no tier table, so @1 is a CEILING; 903-0251-000; 1 robots: 16 leads required - 15 verified bundled = 1 extra leads; 1 ten-packs to purchase across the whole batch. Bundle basis: ROBOTIS International, https://en.robotis.com/shop_en/item.php?it_id=902-0163-000, read 2026-09-08. Quantities are a sourcing calculation, not an order.",ROBOTIS International,https://en.robotis.com/shop_en/item.php?it_id=903-0251-000,2026-09-02,confirmed at vendor
B3,compute,Radxa ZERO 3W single-board computer,1,,FAIL,23.00000,USD,23.0000,"cheapest READ USD offer at the tier a 1-robot order reaches (tier 1+); vendor publishes no tier table, so @1 is a CEILING; RS107-D1E8H1W15 (1 GB / 8 GB eMMC, header); prices RS107-D1E8H1W15, the 1 GB / 8 GB board - NOT the 1 GB / 32 GB configuration this line specifies, which is absent from Radxa's own SKU table - and that variant read 'Sold out' on the fetch date. The catalogue 32 GB part on the same page is $50 / $51. The line is graded FAIL; THIS LINE IS GRADED FAIL - the price is readable, the line is not graded buyable",ALLNET China,https://shop.allnetchina.cn/products/copy-of-radxa-zero-3w,2026-09-02,"Radxa's product brief RAD-DOC-0084 rev 1.10 §7 'Models and SKU' (https://dl.radxa.com/zero3/docs/hw/3w/radxa_zero_3w_product_brief.pdf) lists 1GB/none, 1GB/8GB, 2GB/none, 2GB/16GB, 4GB/none, 4GB/32GB, 8GB/none, 8GB/64GB. No 1 GB / 32 GB configuration is listed in this published table; an OEM configuration remains unresolved. Pollen's press-kit figure could be a custom Radxa build or a mis-statement of the 1 GB / 8 GB catalogue part (RS107-D1E8H1W15). What settles it: lsblk on a production unit, or Pollen naming the SKU."
B4,power,NP-F550-class battery plus one dual charger per robot (whole retail kit),1,kits,CANNOT DETERMINE,49.90000,USD,49.9000,"cheapest READ USD offer at the tier a 1-robot order reaches (tier 1+); vendor publishes no tier table, so @1 is a CEILING; KIT-BB-NPF550#3 — 2 batteries + dual charger; 1 robots; policy: one battery and one dual charger per robot; no shared chargers. Required {'battery': 1, 'dual_charger': 1}; 1 whole kits to purchase, providing {'battery': 2, 'dual_charger': 1}. Package price and contents basis: https://www.nextbatteries.com/products/sony-np-f550-battery-2-pack-2600mah-l-series-dual-charger, read 2026-09-08. Retail/tier extension only; no order or batch availability claim.; Conditional original-unknown kit; one dual charger per robot. Whole-kit retail extension only, no numeric stock or volume supply promise.; THIS LINE IS GRADED CANNOT DETERMINE - the price is readable, the line is not graded buyable",NextBatteries,https://www.nextbatteries.com/products/sony-np-f550-battery-2-pack-2600mah-l-series-dual-charger,2026-09-08,"NP-F550 is the documented removable-pack class, not a recovered original manufacturer/order code. The local np_f970 mesh measures 38.6 × 20.6 × 70.8 mm; Duracell DR5 is a 70 × 38 × 20 mm dimensional reference only. Contact/latch tolerances, polarity, pack current capability and installed clearance remain unverified. Full set price is used; historical divided allocations are retained per offer."
B6,module,"IMX219 camera board, M12 mount, with lens",1,,CANNOT DETERMINE,23.99000,USD,23.9900,"cheapest READ USD offer at the tier a 1-robot order reaches (tier 1+); vendor publishes no tier table, so @1 is a CEILING; B0183; THIS LINE IS GRADED CANNOT DETERMINE - the price is readable, the line is not graded buyable",UCTRONICS (Arducam's US shop),https://www.uctronics.com/camera-modules/camera-for-nvidia/arducam-8-mp-sony-imx219-m12-mount-low-distortion-camera-module-for-nvidia-jetson-nano.html,2026-09-02,representative substitute
B7,module,M12 wide-angle lens (only if the camera board is bought bare),1,,CANNOT DETERMINE,7.99000,USD,7.9900,"cheapest READ USD offer at the tier a 1-robot order reaches (tier 1+); vendor publishes no tier table, so @1 is a CEILING; Arducam M40180H13L (SKU LN180); prices ONE of three candidate focal lengths on an FOV that Pollen has not fixed ($7.99 / $9.99 / $11.99); the line is graded CANNOT DETERMINE; THIS LINE IS GRADED CANNOT DETERMINE - the price is readable, the line is not graded buyable",UCTRONICS,https://www.uctronics.com/lens/m12-mount-lens/arducam-m12-mount-camera-lens-m40180h13l.html,2026-09-03,representative substitute; the required focal length is not fixed
B8,connector,"22-pin 0.5 mm MIPI CSI FFC ribbon, Radxa to camera",1,,PASS,3.95000,USD,3.9500,"cheapest READ USD offer at the tier a 1-robot order reaches (tier 1+); #5211 Raspberry Pi Zero FPC Camera Cable, 30 cm",Adafruit,https://www.adafruit.com/product/5211,2026-09-02,class identified; exact part and length unknown
B9,sensor,ToF module on four-pin J5/Qwiic interface; original carrier unknown,1,packages,CANNOT DETERMINE,25.95000,USD,25.9500,"cheapest READ USD offer at the tier a 1-robot order reaches (tier 1+); SEN-19013 Qwiic Mini ToF Imager (VL53L5CX); 1 robots; policy: one carrier per robot; whole supplier packages. Required {'tof_module': 1}; 1 whole packages to purchase, providing {'tof_module': 1}. Package price and contents basis: https://www.sparkfun.com/sparkfun-qwiic-mini-tof-imager-vl53l5cx.html, read 2026-09-08. Retail/tier extension only; no order or batch availability claim.; Conditional original-unknown Qwiic carrier; no installed fit proof. Manufacturer price exists, but DigiKey lifecycle says obsolete. Numeric stock/volume lead time unknown.; THIS LINE IS GRADED CANNOT DETERMINE - the price is readable, the line is not graded buyable",SparkFun,https://www.sparkfun.com/sparkfun-qwiic-mini-tof-imager-vl53l5cx.html,2026-09-08,generation varies by unit; module identity and installed geometry unresolved
B10,bearing,Ball bearing 22 x 16 x 4 mm (thin section),11,,PASS,4.00000,USD,44.0000,"cheapest READ USD offer at the tier a 1-robot order reaches (tier 1000+); vendor publishes no tier table, so @1 is a CEILING; MR1622 ZZ stainless","Jiang Xin Technology (Guangdong, via made-in-china.com)",https://jiangxin2020.en.made-in-china.com/product/IvxJnUDERBpq/China-Stainless-Steel-Ball-Bearing-16-22-4-Et2216-Set2216-A2216-MR1622-Zz.html,2026-09-02,"16 x 22 x 4 is NOT an ISO 67xx/61xxx size (6700 = 10x15x4, 6702 = 15x21x4). SMB Bearings' drawing ET2216-thin-section-bearing-16x22x4mm.pdf gives SAE52100 chrome steel, pressed-steel cage, static 62 kgf, dynamic 97 kgf, 11 000 rpm."
B11,bearing,Ball bearing 15 x 10 x 3 mm,3,,PASS,4.86000,USD,14.5800,cheapest READ USD offer at the tier a 1-robot order reaches (tier 1+); MR6700 open,Bearings Direct (US),https://bearingsdirect.com/6700-ball-bearing-10x15x3-open-mr6700/,2026-09-02,CORRECTED 2026-09-08: open 6700 / 61700 catalog candidates are 10 x 15 x 3 mm. SMB 6700ZZ and ZEN 61700-2Z are 10 x 15 x 4 mm; ABF lists FAG 61700-2Z-HLC at 4 mm too. The former claim that 61700-2Z is a shielded 3 mm alternative was wrong. Reject these 4 mm variants for the 3 mm reference envelope. Mesh dimensions do not establish the original installed bearing identity. Sources and hashes: research/bearing-sourcing-2026-09-08/audit.json.
B12,module,"Speaker, reference envelope 35 x 25 x 7 mm (head); original electrical specification unknown",1,,CANNOT DETERMINE,2.95000,USD,2.9500,"cheapest READ USD offer at the tier a 1-robot order reaches (tier 1+); vendor publishes no tier table, so @1 is a CEILING; SPK-3525-2W-GH; Conditional size candidate only, not original identity or assembled fit approval. USD 2.95 retail extended at 1/100/1000; no volume quote or numeric stock. Freight/tax unquoted.; THIS LINE IS GRADED CANNOT DETERMINE - the price is readable, the line is not graded buyable",ABRA Electronics,https://abra-electronics.com/electromechanical/audible-devices/speakers/spk-3525-2w-gh-3525-8r-2w-box-speaker-with-gh1-25-terminal-wire.html,2026-09-08,"unknown original; one priced conditional dimensional candidate, historical oversized offers rejected"
B13,module,Microphone(s),CANNOT DETERMINE,,CANNOT DETERMINE,CANNOT DETERMINE,,CANNOT DETERMINE,"Nothing about this line is known - not the part, not the type, not the count, not the placement. There is no URL to try because there is no part to look up.",,,,unknown
B14,ic,NFC reader IC + 2 antennas (head and beak),1,,PASS,5.39970,USD,5.3997,cheapest READ USD offer at the tier a 1-robot order reaches (tier 1+); ST25R3916-AQWT (C2908147),LCSC,https://www.lcsc.com/product-detail/C2908147.html,2026-09-02,candidate set of two
B15,ic,Camera-in-use indicator LED,1,,CANNOT DETERMINE,CANNOT DETERMINE,,CANNOT DETERMINE,"Nothing is known beyond the press kit sentence. A 0603 LED is a five-cent part; the reason this stays open is that its placement is a mechanical and regulatory question (a privacy indicator), not a price question.",,,,unknown
B16,module,Bluetooth gamepad (Xbox-style),1,,CANNOT DETERMINE,CANNOT DETERMINE,,CANNOT DETERMINE,"The gamepad is INCLUDED in Pollen's $399 retail bundle, so no price for it alone exists on any Pollen page; and the model is unnamed, so no third-party price applies to it.",,,,unknown
B17,connector,USB-C cable,1,,CANNOT DETERMINE,CANNOT DETERMINE,,CANNOT DETERMINE,Included in the retail bundle; no separate price and no specification.,,,,unknown
B18a,fastener,"M2 x 6 socket head cap screw, A2 stainless, DIN 912",80,,PASS,0.04860,EUR,3.8880,"no USD price was read; the vendor's own currency at the tier a 1-robot order reaches, NOT converted (no FX rate was fetched)",RST-Versand (DE),https://www.rst-versand.de/Zylinderschraube-Innensechskant-M2-x-6-mm-A2-DIN912_1,2026-09-02,standard
B18b,fastener,"M2 socket head cap screws, other lengths (x4, x8, x12) + M2 nuts + M2.5x6",185,,CANNOT DETERMINE,CANNOT DETERMINE,,CANNOT DETERMINE,"Only ONE distributor rendered a price for these sizes (ModelFixings, GBP inc VAT, 25-piece packs), so the two-distributor bar is not met; the fifth size (M2.5x6) has no price anywhere; and the nut ModelFixings prices is steel BZP, not the A2 stainless the rest of the schedule specifies. The line moved from 'no price at all' to 'one shop, one currency, four of five sizes' - which is progress, and is not a price.",,,,standard
B18c,fastener,"M2 heat-set threaded inserts, brass, ~3.0 mm",60,,PASS,0.11990,USD,7.1940,"cheapest READ USD offer at the tier a 1-robot order reaches (tier 100+); vendor publishes no tier table, so @1 is a CEILING; Heat-set inserts M2 short, 100 pcs",Prusa Research (US shop),https://www.prusa3d.com/product/heat-set-inserts-m2-short-100-pcs/,2026-09-02,"standard class, vendor-specific part"
B19a,filament,PLA filament (hard printed parts),0.218295,kg,PASS,22.99000,USD,5.0186,"cheapest READ USD offer at the tier a 1-robot order reaches (tier 1+); vendor publishes no tier table, so @1 is a CEILING; A00-K00-1.75-1000-SPL-US (Black)",GigaParts (US),https://www.gigaparts.com/bambu-lab-pla-basic-black-3d-printer-filament-1-75mm-1kg-spool.html,2026-09-02,The slice was run with filament preset 'Bambu PLA Basic @BBL H2S' on a Bambu Lab H2S. Sourcing a DIFFERENT PLA invalidates the 218.2946 g and 9.935 h figures until re-sliced.
B19b,filament,"TPU filament (soft parts: soles x2, jaw_soft, soft_mouth_top)",0.0262028,kg,PASS,38.99000,USD,1.0216,"cheapest READ USD offer at the tier a 1-robot order reaches (tier 1+); vendor publishes no tier table, so @1 is a CEILING; U04-K0-1.75-1000-SPL (Black)",GigaParts (US),https://www.gigaparts.com/bambu-lab-tpu-85a-black-3d-printer-filament-1-75mm-1kg-spool.html,2026-09-02,Pollen's durometer is CANNOT DETERMINE (docs/BOM.md; community says 90-95A). We sliced 85A because that is the preset the H2S resolves; if the real part is 95A the grams change and the sole friction changes.
P1c,ic,TLV320AIC3104IRHBR stereo audio codec (on the Robot HAT),1,,PASS,2.25180,USD,2.2518,cheapest READ USD offer at the tier a 1-robot order reaches (tier 1+); C181753,LCSC,https://lcsc.com/product-detail/Audio-OpAmps_TI_TLV320AIC3104IRHBR_TLV320AIC3104IRHBR_C181753.html,2026-09-02,confirmed
P2c,ic,"LSM6DSV16X 6-axis IMU (on the imu_to_dxl board, Dynamixel slave ID 200)",1,,PASS,3.62980,USD,3.6298,cheapest READ USD offer at the tier a 1-robot order reaches (tier 1+); C5267406,LCSC,https://www.lcsc.com/product-detail/C5267406.html,2026-09-02,confirmed
P1d,ic,BMI088 6-axis IMU (dormant footprint on the Robot HAT),1,,PASS,5.92000,USD,5.9200,cheapest READ USD offer at the tier a 1-robot order reaches (tier 1+); 828-1082-1-ND,DigiKey (cut tape / Digi-Reel),https://www.digikey.com/en/products/detail/bosch-sensortec/BMI088/8634942,2026-09-02,confirmed
R1,ic,USB-C CC/PD controller fitted on the Radxa ZERO 3W (reference line - NOT separately purchased),0,,CANNOT DETERMINE,NOT ORDERED,,NOT ORDERED,deliberately outside every subtotal: reference line: qty per robot is 0 - the part arrives fitted inside another purchase and is never ordered separately,,,,"two names, one socket - resolved by lane C in favour of ET7301B on the schematic"
R2,ic,"MCP73213 2S Li-ion charge controller (in the external charger, not the robot)",0,,PASS,NOT ORDERED,,NOT ORDERED,deliberately outside every subtotal: reference line: qty per robot is 0 - the part arrives fitted inside another purchase and is never ordered separately,,,,family confirmed (part:mcp73213 verdict PASS); the exact option suffix a bespoke charger needs depends on the chosen float voltage (8.2 / 8.4 / 8.7 / 8.8 V)
R3,ic,"S-8252 2S battery protection IC (inside the NP-F550 pack, not separately purchased)",0,,CANNOT DETERMINE,NOT ORDERED,,NOT ORDERED,deliberately outside every subtotal: reference line: qty per robot is 0 - the part arrives fitted inside another purchase and is never ordered separately,,,,"series confirmed, option unknown"
C1,connector,"JST EH 3-pin connector kit for the Dynamixel bus, if the harness is crimped rather than bought",1,,PASS,NOT ORDERED,,NOT ORDERED,"deliberately outside every subtotal: ALTERNATIVE to line B2 (bought ROBOTIS X3P leads), never additional to it. Costed in the alternates column, not in the subtotal.",,,,confirmed - these are exactly the parts wiring/CABLES.md names
C2,connector,JST SH 4-pin (ToF / Stemma) and GH 2-pin (speaker) housings,1,,PASS,see kit detail,USD,0.4000,cheapest READ USD offer at the tier a 1-robot order reaches; SHR-04V-S-B x2 @ $0.10000 + GHR-02V-S x2 @ $0.10000,DigiKey (kit),,,SH 4-pin confirmed at the HAT's J5; the ToF-board end and the HAT speaker end are CANNOT DETERMINE
P1,pcb,"Robot HAT - custom PCB, bare board + assembly",1,,FAIL,5.03751,USD,5.0375,"cheapest READ USD offer at the tier a 1-robot order reaches (tier 3+); 2-Layer Prototype (set of 3) / 2 Layer Medium Run; THIS LINE IS GRADED FAIL - the price is readable, the line is not graded buyable",OSH Park (US),https://docs.oshpark.com/services/two-layer/,2026-09-03,"THE DESIGN EXISTS AND IS IN THIS REPOSITORY. electronics/robot-hat/out/fab/ holds microduck_robot_hat-fab.zip plus the loose Gerbers (F.Cu.GTL, B.Cu.GBL, F/B.Mask, F/B.Silk, F/B.Paste, Edge.Cuts.GKO), PTH.drl and NPTH.drl, positions.csv, bom.csv and the .kicad_pcb. Until 2026-09-03 this line read 'There is nothing to send a fab' - a refusal the repository itself contradicted, and the reason the largest unknown in the cost model stayed unpriced. Board data below is measured off that .kicad_pcb, not transcribed: 1 759 copper segments (879 at 0.1500 mm, 803 at 0.3000 mm, 61 at 0.8000 mm, 10 at 0.2500 mm, 4 at 0.2000 mm, 2 at 0.4000 mm), 33 vias at 0.800 mm pad / 0.300 mm drill, 64 through-hole pads, 97 drilled holes in all."
P2,pcb,"imu_to_dxl v2 - custom PCB, bare board + assembly",1,,FAIL,2.27334,USD,2.2733,"cheapest READ USD offer at the tier a 1-robot order reaches (tier 3+); 2-Layer Prototype (set of 3) / 2 Layer Medium Run; THIS LINE IS GRADED FAIL - the price is readable, the line is not graded buyable",OSH Park (US),https://docs.oshpark.com/services/two-layer/,2026-09-03,"THE DESIGN EXISTS AND IS IN THIS REPOSITORY: electronics/imu-to-dxl/out/fab/ holds the fab zip, the loose Gerbers, PTH/NPTH drills, positions.csv and bom.csv. Measured off the .kicad_pcb: 590 copper segments (383 at 0.1500 mm, 190 at 0.3000 mm, 9 at 0.4000 mm, 8 at 2.0000 mm), 27 vias (23 at 0.800 mm pad / 0.300 mm drill, 4 at 1.000 mm / 0.300 mm), 11 through-hole pads, 38 drilled holes in all."
P3,pcb,"Banana battery-contact PCB - custom, bare board + contacts",1,,CANNOT DETERMINE,33.00000,USD,33.0000,"cheapest READ USD offer at the tier a 1-robot order reaches (tier 3+); vendor publishes no tier table, so @1 is a CEILING; $33 Each Special; THIS LINE IS GRADED CANNOT DETERMINE - the price is readable, the line is not graded buyable",AdvancedPCB / Advanced Circuits (US),https://www.advancedpcb.com/en-us/33-each-special/,2026-09-03,"THE OUTLINE IS NOT UNKNOWN. Measured off Edge.Cuts.GKO / the .kicad_pcb in electronics/banana-contact/out/fab/: a single closed rounded rectangle 45.8000 x 4.6000 mm, corner radius 0.5000 mm, no internal cut-outs, three 0.8000 mm plated holes, copper tracks 0.4000 mm (1) and 1.5000 mm (2). Until 2026-09-03 this line said 'Board outline, contact part, plating, current rating, price: all CANNOT DETERMINE'; three of those five were already answered on disk. PLATING is ENIG and the board's own fab README says why - 'A sliding spring contact on a HASL pad cold-flows and oxidises' - and JLCPCB publishes ENIG as an order option on this process. CURRENT CAPACITY is 3.21 A at a 10 degC rise (4.35 A at 20 degC) for the two 1.500 mm tracks on 1 oz outer copper, by IPC-2221 6.2 I = 0.048*dT^0.44*A^0.725; it is the current DEMAND that is CANNOT DETERMINE, because Sony publishes no maximum continuous discharge for the NP-F pack and wiring/CABLES.md's 1 A-per-moving-servo worst case is stated there as an assumption."
