number,part,slug,quantity,source_kind,source_path,stl,drawing_files,triangles,measured_bbox_mm,manifest_bounds_match
1,Ankle Left,microduck-ankle-left,1,"vendor mesh (Pollen reference asset, loaded as-is)",out/print/stl/PLA/microduck-ankle-left.stl,02 Look at the parts/01 Ankle Left/Ankle Left.stl,8,4978,"[39.489139556884766, 36.50000038743019, 25.499998807907104]",True
2,Ankle Right,microduck-ankle-right,1,"vendor mesh (Pollen reference asset, loaded as-is)",out/print/stl/PLA/microduck-ankle-right.stl,02 Look at the parts/02 Ankle Right/Ankle Right.stl,8,4976,"[39.489139556884766, 36.50000038743019, 25.499998807907104]",True
3,Banana Pcb Locker,microduck-banana-pcb-locker,1,our parametric rebuild (latest PASS refcheck ours.stl),out/print/stl/PLA/microduck-banana-pcb-locker.stl,02 Look at the parts/03 Banana Pcb Locker/Banana Pcb Locker.stl,14,1316,"[54.015281677246094, 3.799999237060547, 6.625999450683594]",True
4,Bearing Roll,microduck-bearing-roll,2,our parametric rebuild (latest PASS refcheck ours.stl),out/print/stl/PLA/microduck-bearing-roll.stl,02 Look at the parts/04 Bearing Roll/Bearing Roll.stl,8,5956,"[23.0, 3.0, 40.0]",True
5,Bottom Head Shell,microduck-bottom-head-shell,1,"vendor mesh (Pollen reference asset, loaded as-is)",out/print/stl/PLA/microduck-bottom-head-shell.stl,02 Look at the parts/05 Bottom Head Shell/Bottom Head Shell.stl,1,20970,"[91.76302719116211, 116.7482795715332, 20.13625717163086]",True
6,Eye Ring,microduck-eye-ring,1,"vendor mesh (Pollen reference asset, loaded as-is)",out/print/stl/PLA/microduck-eye-ring.stl,02 Look at the parts/06 Eye Ring/Eye Ring.stl,6,984,"[30.0, 9.500003814697266, 30.0]",True
7,Face Part,microduck-face-part,1,"vendor mesh (Pollen reference asset, loaded as-is)",out/print/stl/PLA/microduck-face-part.stl,02 Look at the parts/07 Face Part/Face Part.stl,1,11412,"[87.65069580078125, 12.5, 44.6264808177948]",True
8,Foot Left,microduck-foot-left,1,vendor mesh as shelved (ce-parts iterations geometry),out/print/stl/PLA/microduck-foot-left.stl,02 Look at the parts/08 Foot Left/Foot Left.stl,8,19922,"[40.08550262451172, 54.0, 16.909019470214844]",True
9,Foot Right,microduck-foot-right,1,vendor mesh as shelved (ce-parts iterations geometry),out/print/stl/PLA/microduck-foot-right.stl,02 Look at the parts/09 Foot Right/Foot Right.stl,8,19914,"[40.08550262451172, 54.0, 16.909019470214844]",True
10,Hip Bracket,microduck-hip-bracket,2,Current CAD revision,research/mesh-quality-2026-09-09/microduck-hip-bracket.stl,02 Look at the parts/10 Hip Bracket/Hip Bracket.stl,8,19786,"[32.44704818725586, 34.497047424316406, 19.0]",Superseded by current CAD revision
11,Jaw,microduck-jaw,1,vendor mesh as shelved (ce-parts iterations geometry),out/print/stl/PLA/microduck-jaw.stl,02 Look at the parts/11 Jaw/Jaw.stl,6,9918,"[91.41584777832031, 68.71049499511719, 29.447659492492676]",True
12,Jaw Soft,microduck-jaw-soft,1,vendor mesh as shelved (ce-parts iterations geometry),out/print/stl/TPU/microduck-jaw-soft.stl,02 Look at the parts/12 Jaw Soft/Jaw Soft.stl,6,6726,"[87.67373657226562, 32.23394966125488, 8.43757939338684]",True
13,M12 Lens Holder,microduck-m12-lens-holder,1,"vendor mesh (Pollen reference asset, loaded as-is)",out/print/stl/PLA/microduck-m12-lens-holder.stl,02 Look at the parts/13 M12 Lens Holder/M12 Lens Holder.stl,1,10992,"[24.0, 14.800000190734865, 16.0]",True
14,Motor Support,microduck-motor-support,1,vendor mesh as shelved (ce-parts iterations geometry),out/print/stl/PLA/microduck-motor-support.stl,02 Look at the parts/14 Motor Support/Motor Support.stl,8,3616,"[73.5, 54.20000076293945, 18.80000078678131]",True
15,Neck Pitch Bracket,microduck-neck-pitch-bracket,1,vendor mesh as shelved (ce-parts iterations geometry),out/print/stl/PLA/microduck-neck-pitch-bracket.stl,02 Look at the parts/15 Neck Pitch Bracket/Neck Pitch Bracket.stl,8,7120,"[35.0, 18.0, 27.693114280700684]",True
16,Neck Plate,microduck-neck-plate,2,vendor mesh as shelved (ce-parts iterations geometry),out/print/stl/PLA/microduck-neck-plate.stl,02 Look at the parts/16 Neck Plate/Neck Plate.stl,8,1468,"[2.0, 20.0, 11.0]",True
17,Power Support,microduck-power-support,1,Current CAD revision,research/mesh-quality-2026-09-09/microduck-power-support.stl,02 Look at the parts/17 Power Support/Power Support.stl,11,11484,"[54.465999603271484, 17.0, 83.13021087646484]",Superseded by current CAD revision
18,Shin,microduck-shin,2,our parametric rebuild (latest PASS refcheck ours.stl),out/print/stl/PLA/microduck-shin.stl,02 Look at the parts/18 Shin/Shin.stl,34,10552,"[7.950000762939453, 20.0, 58.0]",True
19,Soft Mouth Top,microduck-soft-mouth-top,1,vendor mesh as shelved (ce-parts iterations geometry),out/print/stl/TPU/microduck-soft-mouth-top.stl,02 Look at the parts/19 Soft Mouth Top/Soft Mouth Top.stl,6,7870,"[87.82202911376953, 32.5650520324707, 3.2762019634246826]",True
20,Sole Left,microduck-sole-left,1,vendor mesh as shelved (ce-parts iterations geometry),out/print/stl/TPU/microduck-sole-left.stl,02 Look at the parts/20 Sole Left/Sole Left.stl,9,15788,"[41.098533630371094, 54.0, 12.907360076904297]",True
21,Sole Right,microduck-sole-right,1,vendor mesh as shelved (ce-parts iterations geometry),out/print/stl/TPU/microduck-sole-right.stl,02 Look at the parts/21 Sole Right/Sole Right.stl,9,15888,"[41.09873008728027, 54.0, 12.90760612487793]",True
22,Top Head Shell,microduck-top-head-shell,1,vendor mesh as shelved (ce-parts iterations geometry),out/print/stl/PLA/microduck-top-head-shell.stl,02 Look at the parts/22 Top Head Shell/Top Head Shell.stl,6,16120,"[91.75945663452148, 122.69001770019531, 46.33614126953762]",True
23,Trunk Base,microduck-trunk-base,1,our parametric rebuild (latest PASS refcheck ours.stl),out/print/stl/PLA/microduck-trunk-base.stl,02 Look at the parts/23 Trunk Base/Trunk Base.stl,8,9888,"[57.0, 36.0, 3.0]",True
24,Trunk Shell Left,microduck-trunk-shell-left,1,vendor mesh as shelved (ce-parts iterations geometry),out/print/stl/PLA/microduck-trunk-shell-left.stl,02 Look at the parts/24 Trunk Shell Left/Trunk Shell Left.stl,0,20970,"[33.71448814868927, 80.89006423950195, 41.69051933288574]",True
25,Trunk Shell Right,microduck-trunk-shell-right,1,vendor mesh as shelved (ce-parts iterations geometry),out/print/stl/PLA/microduck-trunk-shell-right.stl,02 Look at the parts/25 Trunk Shell Right/Trunk Shell Right.stl,0,20970,"[31.76448822022858, 80.89785385131836, 41.692665100097656]",True
26,Upper Leg Left,microduck-upper-leg-left,1,Current CAD revision,research/mesh-repair-2026-09-09/indexed-cavity/microduck-upper-leg-left.stl,02 Look at the parts/26 Upper Leg Left/Upper Leg Left.stl,8,17838,"[28.0, 47.66075611114502, 60.98347282409668]",Superseded by current CAD revision
27,Upper Leg Right,microduck-upper-leg-right,1,Current CAD revision,research/mesh-repair-2026-09-09/indexed-cavity/microduck-upper-leg-right.stl,02 Look at the parts/27 Upper Leg Right/Upper Leg Right.stl,8,17838,"[28.0, 47.66075611114502, 60.98347282409668]",Superseded by current CAD revision
28,Upper Leg Rigidity Plate,microduck-upper-leg-rigidity-plate,2,"vendor mesh (Pollen reference asset, loaded as-is)",out/print/stl/PLA/microduck-upper-leg-rigidity-plate.stl,02 Look at the parts/28 Upper Leg Rigidity Plate/Upper Leg Rigidity Plate.stl,8,3600,"[1.0, 44.996482849121094, 58.05773067474365]",True
29,Yaw Roll Motion,microduck-yaw-roll-motion,1,Current CAD revision,research/mesh-repair-2026-09-09/yaw-rebuild/microduck-yaw-roll-motion.stl,02 Look at the parts/29 Yaw Roll Motion/Yaw Roll Motion.stl,8,7318,"[34.0, 35.88999938964844, 22.5]",Superseded by current CAD revision
30,Yaw2Roll,microduck-yaw2roll,2,our parametric rebuild (latest PASS refcheck ours.stl),out/print/stl/PLA/microduck-yaw2roll.stl,02 Look at the parts/30 Yaw2Roll/Yaw2Roll.stl,8,10618,"[23.0, 25.800000190734863, 20.5]",True
31,Bearing 22X16X4,bearing-22x16x4,11,Bought component model / 外购件模型,trunk_base/bearing-22x16x4#0,02 Look at the parts/31 Bearing 22X16X4/Bearing 22X16X4 - model representation.stl,,4234,,
32,Xl330 M288 T,xl330-m288-t,15,Bought component model / 外购件模型,trunk_base/xl330-m288-t#4,02 Look at the parts/32 Xl330 M288 T/Xl330 M288 T - model representation.stl,,1226,,
33,Np F550,np-f550,1,Bought component model / 外购件模型,trunk_base/np-f550#6,02 Look at the parts/33 Np F550/Np F550 - model representation.stl,,794,,
34,Bearing 15X10X3,bearing-15x10x3,3,Bought component model / 外购件模型,ankle_left/bearing-15x10x3#25,02 Look at the parts/34 Bearing 15X10X3/Bearing 15X10X3 - model representation.stl,,5068,,
35,M12 Lens,microduck-m12-lens,1,Bought component model / 外购件模型,jaw_soft/microduck-m12-lens#37,02 Look at the parts/35 M12 Lens/M12 Lens - model representation.stl,,1712,,
36,Robot Hat Pcb,microduck-robot-hat-pcb,1,Bought component model / 外购件模型,jaw_soft/microduck-robot-hat-pcb#45,02 Look at the parts/36 Robot Hat Pcb/Robot Hat Pcb - model representation.stl,,2336,,
37,Radxa Zero 3W,radxa-zero-3w,1,Bought component model / 外购件模型,jaw_soft/radxa-zero-3w#51,02 Look at the parts/37 Radxa Zero 3W/Radxa Zero 3W - model representation.stl,,2592,,
38,Speaker,microduck-speaker,1,Bought component model / 外购件模型,jaw_soft/microduck-speaker#52,02 Look at the parts/38 Speaker/Speaker - model representation.stl,,12,,
